{"name":"mounts_motuo","armature":[{"name":"mounts_motuo","animation":[{"duration":60,"name":"idle","loop":0,"autoTween":1,"timeline":[{"offset":0,"name":4,"scale":1,"frame":[{"duration":30,"z":1,"transform":{"x":62.6,"skY":0,"y":-37.9,"scX":1.099976,"pX":0,"pY":0,"scY":1.099976,"skX":0},"tweenEasing":null},{"duration":29,"z":1,"transform":{"x":62.6,"skY":0,"y":-36.2,"scX":1.099976,"pX":0,"pY":0,"scY":1.099976,"skX":0},"tweenEasing":null},{"duration":1,"z":1,"transform":{"x":62.6,"skY":0,"y":-37.9,"scX":1.099976,"pX":0,"pY":0,"scY":1.099976,"skX":0}}]},{"offset":0,"name":40,"scale":1,"frame":[{"duration":60,"z":2,"transform":{"x":-43.75,"skY":0,"y":-27.1,"scX":0.923676,"pX":0,"pY":0,"scY":0.923676,"skX":0}}]},{"offset":0,"name":70,"scale":1,"frame":[{"duration":60,"z":4,"transform":{"x":80.3,"skY":0,"y":-28.9,"scX":1.099976,"pX":0,"pY":0,"scY":1.099976,"skX":0}}]},{"offset":0,"name":2,"scale":1,"frame":[{"duration":30,"z":6,"transform":{"x":13.05,"skY":0,"y":-48.85,"scX":1.099976,"pX":0,"pY":0,"scY":1.099976,"skX":0},"tweenEasing":null,"action":"idle"},{"duration":29,"z":6,"transform":{"x":13.05,"skY":0,"y":-47.15,"scX":1.099976,"pX":0,"pY":0,"scY":1.099976,"skX":0},"tweenEasing":null},{"duration":1,"z":6,"transform":{"x":13.05,"skY":0,"y":-48.85,"scX":1.099976,"pX":0,"pY":0,"scY":1.099976,"skX":0}}]},{"offset":0,"name":"yingxiong","scale":1,"frame":[{"duration":30,"z":7,"transform":{"x":-10.3,"skY":4.74,"y":-96.05,"scX":1,"pX":0,"pY":0,"scY":1,"skX":4.74},"tweenEasing":null},{"duration":29,"z":7,"transform":{"x":-10.35,"skY":4.56,"y":-94.55,"scX":0.999741,"pX":0,"pY":0.05,"scY":0.999741,"skX":4.56},"tweenEasing":null},{"duration":1,"z":7,"transform":{"x":-10.3,"skY":4.74,"y":-96.05,"scX":1,"pX":0,"pY":0,"scY":1,"skX":4.74}}]},{"offset":0,"name":"dgdfgh","scale":1,"frame":[{"duration":30,"z":8,"transform":{"x":33.95,"skY":0,"y":-48.85,"scX":1.099976,"pX":0,"pY":0,"scY":1.099976,"skX":0},"tweenEasing":null,"action":"idle"},{"duration":29,"z":8,"transform":{"x":33.95,"skY":0,"y":-47.15,"scX":1.099976,"pX":0,"pY":0,"scY":1.099976,"skX":0},"tweenEasing":null},{"duration":1,"z":8,"transform":{"x":33.95,"skY":0,"y":-48.85,"scX":1.099976,"pX":0,"pY":0,"scY":1.099976,"skX":0}}]},{"offset":0,"name":"dg","scale":1,"frame":[{"duration":60,"action":"idle","transform":{"x":26.15,"skY":-154.73,"y":-23.95,"scX":-1.28186,"pX":0,"pY":0,"scY":1.28186,"skX":-154.73},"z":13}]},{"offset":0,"name":"collision","scale":1,"frame":[{"duration":60,"z":15,"transform":{"x":-1.9,"skY":0,"y":-37.8,"scX":19.419846,"pX":0,"pY":0,"scY":7.818466,"skX":0},"colorTransform":{"aM":0,"rO":0,"rM":100,"gO":0,"gM":100,"bO":0,"aO":0,"bM":100}}]}],"scale":1,"tweenEasing":null,"fadeInTime":0},{"duration":30,"name":"run","loop":0,"autoTween":1,"timeline":[{"offset":0,"name":4,"scale":1,"frame":[{"duration":15,"z":1,"transform":{"x":62.6,"skY":0,"y":-37.9,"scX":1.099976,"pX":0,"pY":0,"scY":1.099976,"skX":0},"tweenEasing":null},{"duration":14,"z":1,"transform":{"x":62.6,"skY":0,"y":-36.2,"scX":1.099976,"pX":0,"pY":0,"scY":1.099976,"skX":0},"tweenEasing":null},{"duration":1,"z":1,"transform":{"x":62.6,"skY":0,"y":-37.9,"scX":1.099976,"pX":0,"pY":0,"scY":1.099976,"skX":0}}]},{"offset":0,"name":7,"scale":1,"frame":[{"duration":30,"action":"idle","transform":{"x":-43.75,"skY":0,"y":-27.1,"scX":0.923676,"pX":0,"pY":0,"scY":0.923676,"skX":0},"z":3}]},{"offset":0,"name":5,"scale":1,"frame":[{"duration":30,"action":"idle","transform":{"x":80.3,"skY":0,"y":-28.9,"scX":1.099976,"pX":0,"pY":0,"scY":1.099976,"skX":0},"z":5}]},{"offset":0,"name":2,"scale":1,"frame":[{"duration":15,"z":6,"transform":{"x":13.05,"skY":0,"y":-48.85,"scX":1.099976,"pX":0,"pY":0,"scY":1.099976,"skX":0},"tweenEasing":null,"action":"idle"},{"duration":14,"z":6,"transform":{"x":13.05,"skY":0,"y":-47.15,"scX":1.099976,"pX":0,"pY":0,"scY":1.099976,"skX":0},"tweenEasing":null},{"duration":1,"z":6,"transform":{"x":13.05,"skY":0,"y":-48.85,"scX":1.099976,"pX":0,"pY":0,"scY":1.099976,"skX":0}}]},{"offset":0,"name":"yingxiong","scale":1,"frame":[{"duration":15,"z":7,"transform":{"x":-10.3,"skY":4.74,"y":-96.05,"scX":1,"pX":0,"pY":0,"scY":1,"skX":4.74},"tweenEasing":null},{"duration":14,"z":7,"transform":{"x":-10.35,"skY":4.56,"y":-94.55,"scX":0.999741,"pX":0,"pY":0.05,"scY":0.999741,"skX":4.56},"tweenEasing":null},{"duration":1,"z":7,"transform":{"x":-10.3,"skY":4.74,"y":-96.05,"scX":1,"pX":0,"pY":0,"scY":1,"skX":4.74}}]},{"offset":0,"name":"dgdfgh","scale":1,"frame":[{"duration":15,"z":8,"transform":{"x":33.95,"skY":0,"y":-48.85,"scX":1.099976,"pX":0,"pY":0,"scY":1.099976,"skX":0},"tweenEasing":null,"action":"idle"},{"duration":14,"z":8,"transform":{"x":33.95,"skY":0,"y":-47.15,"scX":1.099976,"pX":0,"pY":0,"scY":1.099976,"skX":0},"tweenEasing":null},{"duration":1,"z":8,"transform":{"x":33.95,"skY":0,"y":-48.85,"scX":1.099976,"pX":0,"pY":0,"scY":1.099976,"skX":0}}]},{"offset":0,"name":"1vcbv01","scale":1,"frame":[{"duration":30,"action":"idle","transform":{"x":-35.6,"skY":-90,"y":-47.6,"scX":-0.475693,"pX":0,"pY":0,"scY":0.875443,"skX":-90},"z":9}]},{"offset":0,"name":"fjk","scale":1,"frame":[{"duration":30,"action":"idle","transform":{"x":21.75,"skY":-154.73,"y":-22.85,"scX":-1.28186,"pX":0,"pY":0,"scY":1.28186,"skX":-154.73},"z":10}]},{"offset":0,"name":"collision","scale":1,"frame":[{"duration":30,"z":15,"transform":{"x":-1.9,"skY":0,"y":-37.8,"scX":4.679489,"pX":0,"pY":0,"scY":7.818466,"skX":0},"colorTransform":{"aM":0,"rO":0,"rM":100,"gO":0,"gM":100,"bO":0,"aO":0,"bM":100}}]}],"scale":1,"tweenEasing":null,"fadeInTime":0},{"duration":30,"name":"jump","loop":0,"autoTween":1,"timeline":[{"offset":0,"name":4,"scale":1,"frame":[{"duration":15,"z":1,"transform":{"x":62.6,"skY":0,"y":-37.9,"scX":1.099976,"pX":0,"pY":0,"scY":1.099976,"skX":0},"tweenEasing":null},{"duration":14,"z":1,"transform":{"x":62.6,"skY":0,"y":-36.2,"scX":1.099976,"pX":0,"pY":0,"scY":1.099976,"skX":0},"tweenEasing":null},{"duration":1,"z":1,"transform":{"x":62.6,"skY":0,"y":-37.9,"scX":1.099976,"pX":0,"pY":0,"scY":1.099976,"skX":0}}]},{"offset":0,"name":7,"scale":1,"frame":[{"duration":30,"action":"idle","transform":{"x":-43.75,"skY":0,"y":-27.1,"scX":0.923676,"pX":0,"pY":0,"scY":0.923676,"skX":0},"z":3}]},{"offset":0,"name":5,"scale":1,"frame":[{"duration":30,"action":"idle","transform":{"x":80.3,"skY":0,"y":-28.9,"scX":1.099976,"pX":0,"pY":0,"scY":1.099976,"skX":0},"z":5}]},{"offset":0,"name":2,"scale":1,"frame":[{"duration":15,"z":6,"transform":{"x":13.05,"skY":0,"y":-48.85,"scX":1.099976,"pX":0,"pY":0,"scY":1.099976,"skX":0},"tweenEasing":null,"action":"idle"},{"duration":14,"z":6,"transform":{"x":13.05,"skY":0,"y":-47.15,"scX":1.099976,"pX":0,"pY":0,"scY":1.099976,"skX":0},"tweenEasing":null},{"duration":1,"z":6,"transform":{"x":13.05,"skY":0,"y":-48.85,"scX":1.099976,"pX":0,"pY":0,"scY":1.099976,"skX":0}}]},{"offset":0,"name":"yingxiong","scale":1,"frame":[{"duration":15,"z":7,"transform":{"x":-10.3,"skY":4.74,"y":-96.05,"scX":1,"pX":0,"pY":0,"scY":1,"skX":4.74},"tweenEasing":null},{"duration":14,"z":7,"transform":{"x":-10.35,"skY":4.56,"y":-94.55,"scX":0.999741,"pX":0,"pY":0.05,"scY":0.999741,"skX":4.56},"tweenEasing":null},{"duration":1,"z":7,"transform":{"x":-10.3,"skY":4.74,"y":-96.05,"scX":1,"pX":0,"pY":0,"scY":1,"skX":4.74}}]},{"offset":0,"name":"dgdfgh","scale":1,"frame":[{"duration":15,"z":8,"transform":{"x":33.95,"skY":0,"y":-48.85,"scX":1.099976,"pX":0,"pY":0,"scY":1.099976,"skX":0},"tweenEasing":null,"action":"idle"},{"duration":14,"z":8,"transform":{"x":33.95,"skY":0,"y":-47.15,"scX":1.099976,"pX":0,"pY":0,"scY":1.099976,"skX":0},"tweenEasing":null},{"duration":1,"z":8,"transform":{"x":33.95,"skY":0,"y":-48.85,"scX":1.099976,"pX":0,"pY":0,"scY":1.099976,"skX":0}}]},{"offset":0,"name":"1vcbv01","scale":1,"frame":[{"duration":30,"action":"idle","transform":{"x":-35.6,"skY":-90,"y":-47.6,"scX":-0.475693,"pX":0,"pY":0,"scY":0.875443,"skX":-90},"z":9}]},{"offset":0,"name":"fjk","scale":1,"frame":[{"duration":30,"action":"idle","transform":{"x":21.75,"skY":-154.73,"y":-22.85,"scX":-1.28186,"pX":0,"pY":0,"scY":1.28186,"skX":-154.73},"z":10}]},{"offset":0,"name":"collision","scale":1,"frame":[{"duration":30,"z":15,"transform":{"x":-1.9,"skY":0,"y":-37.8,"scX":4.679489,"pX":0,"pY":0,"scY":7.818466,"skX":0},"colorTransform":{"aM":0,"rO":0,"rM":100,"gO":0,"gM":100,"bO":0,"aO":0,"bM":100}}]}],"scale":1,"tweenEasing":null,"fadeInTime":0},{"duration":60,"name":"win","loop":0,"autoTween":1,"timeline":[{"offset":0,"name":4,"scale":1,"frame":[{"duration":5,"z":1,"transform":{"x":62.6,"skY":0,"y":-37.9,"scX":1.099976,"pX":0,"pY":0,"scY":1.099976,"skX":0},"tweenEasing":null},{"duration":5,"z":1,"transform":{"x":66.6,"skY":0,"y":-36.55,"scX":1.099976,"pX":-0.05,"pY":0,"scY":1.074936,"skX":0},"tweenEasing":null},{"duration":30,"z":1,"transform":{"x":47.15,"skY":-17.08,"y":-70.15,"scX":1.099014,"pX":-0.05,"pY":-0.05,"scY":1.099014,"skX":-17.08},"tweenEasing":null},{"duration":5,"z":1,"transform":{"x":39.35,"skY":-24.14,"y":-83.1,"scX":1.100006,"pX":-0.1,"pY":-0.05,"scY":1.100006,"skX":-24.14},"tweenEasing":null},{"duration":5,"z":1,"transform":{"x":66.6,"skY":0,"y":-36.55,"scX":1.099976,"pX":-0.05,"pY":0,"scY":1.074936,"skX":0},"tweenEasing":null},{"duration":10,"z":1,"transform":{"x":62.6,"skY":0,"y":-37.9,"scX":1.099976,"pX":0,"pY":0,"scY":1.099976,"skX":0}}]},{"offset":0,"name":40,"scale":1,"frame":[{"duration":5,"z":2,"transform":{"x":-43.75,"skY":0,"y":-27.1,"scX":0.923676,"pX":0,"pY":0,"scY":0.923676,"skX":0},"tweenEasing":null},{"duration":5,"z":2,"transform":{"x":-39.8,"skY":0,"y":-26,"scX":0.923676,"pX":0.05,"pY":-0.05,"scY":0.902618,"skX":0},"tweenEasing":null},{"duration":30,"z":2,"transform":{"x":-49.5,"skY":-17.08,"y":-29,"scX":0.922836,"pX":0.05,"pY":0,"scY":0.922836,"skX":-17.08},"tweenEasing":null},{"duration":5,"z":2,"transform":{"x":-53.4,"skY":-24.15,"y":-29.75,"scX":0.92366,"pX":0.1,"pY":0,"scY":0.92366,"skX":-24.15},"tweenEasing":null},{"duration":5,"z":2,"transform":{"x":-39.8,"skY":0,"y":-26,"scX":0.923676,"pX":0.05,"pY":-0.05,"scY":0.902618,"skX":0},"tweenEasing":null},{"duration":10,"z":2,"transform":{"x":-43.75,"skY":0,"y":-27.1,"scX":0.923676,"pX":0,"pY":0,"scY":0.923676,"skX":0}}]},{"offset":0,"name":70,"scale":1,"frame":[{"duration":5,"z":4,"transform":{"x":80.3,"skY":0,"y":-28.9,"scX":1.099976,"pX":0,"pY":0,"scY":1.099976,"skX":0},"tweenEasing":null},{"duration":5,"z":4,"transform":{"x":84.25,"skY":0,"y":-27.7,"scX":1.099976,"pX":0,"pY":-0.05,"scY":1.074936,"skX":0},"tweenEasing":null},{"duration":30,"z":4,"transform":{"x":66.35,"skY":-17.08,"y":-66.85,"scX":1.099014,"pX":0.1,"pY":-0.05,"scY":1.099014,"skX":-17.08},"tweenEasing":null},{"duration":5,"z":4,"transform":{"x":59.15,"skY":-24.14,"y":-82.1,"scX":1.100006,"pX":-0.05,"pY":0,"scY":1.100006,"skX":-24.14},"tweenEasing":null},{"duration":5,"z":4,"transform":{"x":84.25,"skY":0,"y":-27.7,"scX":1.099976,"pX":0,"pY":-0.05,"scY":1.074936,"skX":0},"tweenEasing":null},{"duration":10,"z":4,"transform":{"x":80.3,"skY":0,"y":-28.9,"scX":1.099976,"pX":0,"pY":0,"scY":1.099976,"skX":0}}]},{"offset":0,"name":5,"scale":1,"frame":[{"duration":5,"z":5,"transform":{"x":80.3,"skY":0,"y":-28.9,"scX":1.099976,"pX":0,"pY":0,"scY":1.099976,"skX":0},"tweenEasing":null,"action":"idle"},{"duration":5,"z":5,"transform":{"x":84.25,"skY":0,"y":-27.7,"scX":1.099976,"pX":0,"pY":-0.05,"scY":1.074936,"skX":0},"tweenEasing":null},{"duration":30,"z":5,"transform":{"x":66.35,"skY":-17.08,"y":-66.85,"scX":1.099014,"pX":0.1,"pY":-0.05,"scY":1.099014,"skX":-17.08},"tweenEasing":null},{"duration":5,"z":5,"transform":{"x":59.15,"skY":-24.14,"y":-82.1,"scX":1.100006,"pX":-0.05,"pY":0,"scY":1.100006,"skX":-24.14},"tweenEasing":null},{"duration":5,"z":5,"transform":{"x":84.25,"skY":0,"y":-27.7,"scX":1.099976,"pX":0,"pY":-0.05,"scY":1.074936,"skX":0},"tweenEasing":null},{"duration":10,"z":5,"transform":{"x":80.3,"skY":0,"y":-28.9,"scX":1.099976,"pX":0,"pY":0,"scY":1.099976,"skX":0}}]},{"offset":0,"name":2,"scale":1,"frame":[{"duration":5,"z":6,"transform":{"x":13.05,"skY":0,"y":-48.85,"scX":1.099976,"pX":0,"pY":0,"scY":1.099976,"skX":0},"tweenEasing":null,"action":"idle"},{"duration":5,"z":6,"transform":{"x":17,"skY":0,"y":-47.25,"scX":1.099976,"pX":0,"pY":0.05,"scY":1.074936,"skX":0},"tweenEasing":null},{"duration":30,"z":6,"transform":{"x":-2.6,"skY":-17.08,"y":-65.95,"scX":1.099014,"pX":0,"pY":0,"scY":1.099014,"skX":-17.08},"tweenEasing":null},{"duration":5,"z":6,"transform":{"x":-10.45,"skY":-24.14,"y":-72.8,"scX":1.100006,"pX":0,"pY":0,"scY":1.100006,"skX":-24.14},"tweenEasing":null},{"duration":5,"z":6,"transform":{"x":17,"skY":0,"y":-47.25,"scX":1.099976,"pX":0,"pY":0.05,"scY":1.074936,"skX":0},"tweenEasing":null},{"duration":10,"z":6,"transform":{"x":13.05,"skY":0,"y":-48.85,"scX":1.099976,"pX":0,"pY":0,"scY":1.099976,"skX":0}}]},{"offset":0,"name":"dgdfgh","scale":1,"frame":[{"duration":5,"z":8,"transform":{"x":-19.95,"skY":0,"y":-91.35,"scX":1.099976,"pX":49,"pY":38.65,"scY":1.099976,"skX":0},"tweenEasing":null,"action":"idle"},{"duration":5,"z":8,"transform":{"x":-16,"skY":0,"y":-88.75,"scX":1.099976,"pX":49,"pY":38.65,"scY":1.074936,"skX":0},"tweenEasing":null},{"duration":30,"z":8,"transform":{"x":-45.95,"skY":-17.08,"y":-96.2,"scX":1.099014,"pX":49,"pY":38.65,"scY":1.099014,"skX":-17.08},"tweenEasing":null},{"duration":5,"z":8,"transform":{"x":-57.95,"skY":-24.14,"y":-98.1,"scX":1.100006,"pX":49,"pY":38.65,"scY":1.100006,"skX":-24.14},"tweenEasing":null},{"duration":5,"z":8,"transform":{"x":-16,"skY":0,"y":-88.75,"scX":1.099976,"pX":49,"pY":38.65,"scY":1.074936,"skX":0},"tweenEasing":null},{"duration":10,"z":8,"transform":{"x":-19.95,"skY":0,"y":-91.35,"scX":1.099976,"pX":49,"pY":38.65,"scY":1.099976,"skX":0}}]},{"offset":0,"name":"dg","scale":1,"frame":[{"duration":10,"displayIndex":-1},{"duration":30,"z":13,"transform":{"x":16.9,"skY":-171.99,"y":-46.4,"scX":-1.281265,"pX":0,"pY":0,"scY":1.281265,"skX":-171.99},"tweenEasing":null,"action":"idle"},{"duration":1,"z":13,"transform":{"x":11.65,"skY":-178.88,"y":-55.5,"scX":-1.281876,"pX":0,"pY":0,"scY":1.281876,"skX":-178.88}},{"duration":19,"displayIndex":-1}]},{"offset":0,"name":"sds","scale":1,"frame":[{"duration":10,"displayIndex":-1},{"duration":5,"z":14,"transform":{"x":45.75,"skY":4.45,"y":-135.55,"scX":-1.099976,"pX":0,"pY":0,"scY":1.099976,"skX":4.45}},{"duration":5,"z":14,"transform":{"x":42.8,"skY":4.45,"y":-132.75,"scX":-1.099976,"pX":0,"pY":0,"scY":1.099976,"skX":4.45},"displayIndex":1},{"duration":5,"z":14,"transform":{"x":45.75,"skY":4.45,"y":-135.55,"scX":-1.099976,"pX":0,"pY":0,"scY":1.099976,"skX":4.45}},{"duration":5,"z":14,"transform":{"x":42.8,"skY":4.45,"y":-132.75,"scX":-1.099976,"pX":0,"pY":0,"scY":1.099976,"skX":4.45},"displayIndex":1},{"duration":5,"z":14,"transform":{"x":45.75,"skY":4.45,"y":-135.55,"scX":-1.099976,"pX":0,"pY":0,"scY":1.099976,"skX":4.45}},{"duration":25,"displayIndex":-1}]},{"offset":0,"name":"collision","scale":1,"frame":[{"duration":60,"z":15,"transform":{"x":-1.9,"skY":0,"y":-37.8,"scX":4.679489,"pX":0,"pY":0,"scY":7.818466,"skX":0},"colorTransform":{"aM":0,"rO":0,"rM":100,"gO":0,"gM":100,"bO":0,"aO":0,"bM":100}}]}],"scale":1,"tweenEasing":null,"fadeInTime":0},{"duration":60,"name":"lose","loop":0,"autoTween":1,"timeline":[{"offset":0,"name":4,"scale":1,"frame":[{"duration":60,"z":1,"transform":{"x":62.6,"skY":0,"y":-37.9,"scX":1.099976,"pX":0,"pY":0,"scY":1.099976,"skX":0}}]},{"offset":0,"name":40,"scale":1,"frame":[{"duration":60,"z":2,"transform":{"x":-43.75,"skY":0,"y":-27.1,"scX":0.923676,"pX":0,"pY":0,"scY":0.923676,"skX":0}}]},{"offset":0,"name":70,"scale":1,"frame":[{"duration":60,"z":4,"transform":{"x":80.3,"skY":0,"y":-28.9,"scX":1.099976,"pX":0,"pY":0,"scY":1.099976,"skX":0}}]},{"offset":0,"name":2,"scale":1,"frame":[{"duration":60,"action":"idle","transform":{"x":13.05,"skY":0,"y":-48.85,"scX":1.099976,"pX":0,"pY":0,"scY":1.099976,"skX":0},"z":6}]},{"offset":0,"name":"dgdfgh","scale":1,"frame":[{"duration":60,"action":"idle","transform":{"x":33.95,"skY":0,"y":-48.85,"scX":1.099976,"pX":0,"pY":0,"scY":1.099976,"skX":0},"z":8}]},{"offset":0,"name":"dg","scale":1,"frame":[{"duration":60,"action":"idle","transform":{"x":26.15,"skY":-154.73,"y":-23.95,"scX":-1.28186,"pX":0,"pY":0,"scY":1.28186,"skX":-154.73},"z":13}]},{"offset":0,"name":"collision","scale":1,"frame":[{"duration":60,"z":15,"transform":{"x":-1.9,"skY":0,"y":-37.8,"scX":4.679489,"pX":0,"pY":0,"scY":7.818466,"skX":0},"colorTransform":{"aM":0,"rO":0,"rM":100,"gO":0,"gM":100,"bO":0,"aO":0,"bM":100}}]}],"scale":1,"tweenEasing":null,"fadeInTime":0},{"duration":80,"name":"skill1","loop":0,"autoTween":1,"timeline":[{"offset":0,"name":3,"scale":1,"frame":[{"duration":80,"z":0,"transform":{"x":62.6,"skY":0,"y":-37.9,"scX":1.099976,"pX":0,"pY":0,"scY":1.099976,"skX":0}}]},{"offset":0,"name":4,"scale":1,"frame":[{"duration":80,"z":1,"transform":{"x":-43.75,"skY":0,"y":-27.1,"scX":0.923676,"pX":0,"pY":0,"scY":0.923676,"skX":0},"displayIndex":1}]},{"offset":0,"name":7,"scale":1,"frame":[{"duration":80,"z":3,"transform":{"x":80.3,"skY":0,"y":-28.9,"scX":1.099976,"pX":0,"pY":0,"scY":1.099976,"skX":0},"displayIndex":1}]},{"offset":0,"name":5,"scale":1,"frame":[{"duration":80,"z":5,"transform":{"x":13.05,"skY":0,"y":-48.85,"scX":1.099976,"pX":0,"pY":0,"scY":1.099976,"skX":0},"displayIndex":1}]},{"offset":0,"name":2,"scale":1,"frame":[{"duration":80,"z":6,"transform":{"x":33.95,"skY":0,"y":-48.85,"scX":1.099976,"pX":0,"pY":0,"scY":1.099976,"skX":0},"displayIndex":1}]},{"offset":0,"name":"dgdfgh","scale":1,"frame":[{"duration":5,"displayIndex":-1},{"duration":5,"z":8,"transform":{"x":9.9,"skY":0,"y":-28.45,"scX":0.490875,"pX":0,"pY":0,"scY":0.747772,"skX":0},"tweenEasing":null,"displayIndex":1},{"duration":10,"z":8,"transform":{"x":5.25,"skY":0,"y":-28,"scX":1.203247,"pX":-0.2,"pY":-0.05,"scY":1.099976,"skX":0},"tweenEasing":null,"displayIndex":1},{"duration":3,"z":8,"transform":{"x":4.4,"skY":0,"y":-28,"scX":1.099976,"pX":-0.1,"pY":-0.05,"scY":1.099976,"skX":0},"displayIndex":1},{"duration":10,"z":8,"transform":{"x":5.25,"skY":0,"y":-28,"scX":1.203247,"pX":-0.2,"pY":-0.05,"scY":1.099976,"skX":0},"tweenEasing":null,"displayIndex":1},{"duration":26,"z":8,"transform":{"x":4.4,"skY":0,"y":-28,"scX":1.099976,"pX":-0.1,"pY":-0.05,"scY":1.099976,"skX":0},"displayIndex":1},{"duration":5,"z":8,"transform":{"x":4.4,"skY":0,"y":-28,"scX":1.099976,"pX":-0.1,"pY":-0.05,"scY":1.099976,"skX":0},"tweenEasing":null,"displayIndex":1},{"duration":5,"z":8,"transform":{"x":3.3,"skY":0,"y":-28,"scX":1.203247,"pX":-0.15,"pY":-0.05,"scY":1.099976,"skX":0},"tweenEasing":null,"displayIndex":1},{"duration":5,"z":8,"transform":{"x":7,"skY":0,"y":-28.2,"scX":0.80751,"pX":-0.15,"pY":-0.1,"scY":0.904312,"skX":0},"tweenEasing":null,"displayIndex":1},{"duration":6,"z":8,"transform":{"x":9.9,"skY":0,"y":-28.45,"scX":0.490875,"pX":0,"pY":0,"scY":0.747772,"skX":0},"colorTransform":{"aM":0,"rO":0,"rM":100,"gO":0,"gM":100,"bO":0,"aO":0,"bM":100},"displayIndex":1}]},{"offset":0,"name":"1vcbv01","scale":1,"frame":[{"duration":5,"displayIndex":-1},{"duration":5,"z":9,"transform":{"x":6.9,"skY":0,"y":-29.2,"scX":0.526688,"pX":0,"pY":0,"scY":0.747772,"skX":0},"tweenEasing":null,"displayIndex":1},{"duration":10,"z":9,"transform":{"x":9.75,"skY":0,"y":-29.2,"scX":1.143188,"pX":0,"pY":0.05,"scY":1.099976,"skX":0},"tweenEasing":null,"displayIndex":1},{"duration":3,"z":9,"transform":{"x":7.1,"skY":0,"y":-29.2,"scX":1.099976,"pX":0,"pY":0.05,"scY":1.099976,"skX":0},"displayIndex":1},{"duration":10,"z":9,"transform":{"x":9.75,"skY":0,"y":-29.2,"scX":1.143188,"pX":0,"pY":0.05,"scY":1.099976,"skX":0},"tweenEasing":null,"displayIndex":1},{"duration":26,"z":9,"transform":{"x":7.1,"skY":0,"y":-29.2,"scX":1.099976,"pX":0,"pY":0.05,"scY":1.099976,"skX":0},"displayIndex":1},{"duration":5,"z":9,"transform":{"x":7.1,"skY":0,"y":-29.2,"scX":1.099976,"pX":0,"pY":0.05,"scY":1.099976,"skX":0},"tweenEasing":null,"displayIndex":1},{"duration":5,"z":9,"transform":{"x":7.8,"skY":0,"y":-29.2,"scX":1.143188,"pX":0,"pY":0.05,"scY":1.099976,"skX":0},"tweenEasing":null,"displayIndex":1},{"duration":5,"z":9,"transform":{"x":7.3,"skY":0,"y":-29.2,"scX":0.800674,"pX":0.1,"pY":0,"scY":0.904312,"skX":0},"tweenEasing":null,"displayIndex":1},{"duration":6,"z":9,"transform":{"x":6.9,"skY":0,"y":-29.2,"scX":0.526688,"pX":0,"pY":0,"scY":0.747772,"skX":0},"colorTransform":{"aM":0,"rO":0,"rM":100,"gO":0,"gM":100,"bO":0,"aO":0,"bM":100},"displayIndex":1}]},{"offset":0,"name":"fjk","scale":1,"frame":[{"duration":7,"displayIndex":-1},{"duration":1,"z":10,"transform":{"x":43.8,"skY":0,"y":-28.6,"scX":0.370834,"pX":0,"pY":0,"scY":0.608948,"skX":-8.56},"tweenEasing":null,"displayIndex":1},{"duration":1,"z":10,"transform":{"x":50.55,"skY":0,"y":-28.7,"scX":0.575394,"pX":0.1,"pY":0,"scY":0.711258,"skX":-4.53},"tweenEasing":null,"displayIndex":1},{"duration":1,"z":10,"transform":{"x":56.95,"skY":0,"y":-28.8,"scX":0.779938,"pX":0.05,"pY":-0.05,"scY":0.81395,"skX":-0.54},"tweenEasing":null,"displayIndex":1},{"duration":1,"z":10,"transform":{"x":63.3,"skY":0,"y":-29,"scX":0.984528,"pX":0.05,"pY":-0.05,"scY":0.916321,"skX":3.27},"tweenEasing":null,"displayIndex":1},{"duration":1,"z":10,"transform":{"x":64,"skY":0,"y":-29.1,"scX":1.189087,"pX":0.1,"pY":0,"scY":1.018585,"skX":7.26},"tweenEasing":null,"displayIndex":1},{"duration":10,"z":10,"transform":{"x":64.8,"skY":0,"y":-29.2,"scX":1.393616,"pX":-0.15,"pY":0,"scY":1.121475,"skX":11.23},"tweenEasing":null,"displayIndex":1},{"duration":3,"z":10,"transform":{"x":59.4,"skY":0,"y":-29.2,"scX":1.099976,"pX":-0.15,"pY":0,"scY":1.099976,"skX":0},"displayIndex":1},{"duration":10,"z":10,"transform":{"x":65.1,"skY":0,"y":-29.2,"scX":1.393616,"pX":-0.15,"pY":0,"scY":1.121475,"skX":11.23},"tweenEasing":null,"displayIndex":1},{"duration":24,"z":10,"transform":{"x":59.4,"skY":0,"y":-29.2,"scX":1.099976,"pX":-0.15,"pY":0,"scY":1.099976,"skX":0},"displayIndex":1},{"duration":5,"z":10,"transform":{"x":59.4,"skY":0,"y":-29.2,"scX":1.099976,"pX":-0.15,"pY":0,"scY":1.099976,"skX":0},"tweenEasing":null,"displayIndex":1},{"duration":5,"z":10,"transform":{"x":64.85,"skY":0,"y":-29.2,"scX":1.393616,"pX":-0.2,"pY":0,"scY":1.121475,"skX":11.23},"tweenEasing":null,"displayIndex":1},{"duration":5,"z":10,"transform":{"x":46.65,"skY":0,"y":-28.7,"scX":0.825409,"pX":-0.1,"pY":-0.05,"scY":0.833389,"skX":3.04},"tweenEasing":null,"displayIndex":1},{"duration":6,"z":10,"transform":{"x":32.2,"skY":0,"y":-28.25,"scX":0.370834,"pX":-0.05,"pY":-0.05,"scY":0.603149,"skX":-3.29},"colorTransform":{"aM":0,"rO":0,"rM":100,"gO":0,"gM":100,"bO":0,"aO":0,"bM":100},"displayIndex":1}]},{"offset":0,"name":"hgf","scale":1,"frame":[{"duration":9,"displayIndex":-1},{"duration":5,"z":11,"transform":{"x":4.4,"skY":0,"y":-28.1,"scX":0.64946,"pX":0,"pY":0,"scY":0.582031,"skX":0},"tweenEasing":null},{"duration":10,"z":11,"transform":{"x":4.4,"skY":0,"y":-28,"scX":1.209961,"pX":-0.05,"pY":0.1,"scY":1.209961,"skX":0},"tweenEasing":null},{"duration":3,"z":11,"transform":{"x":4.4,"skY":0,"y":-28,"scX":1.099976,"pX":-0.05,"pY":0.05,"scY":1.099976,"skX":0}},{"duration":10,"z":11,"transform":{"x":4.4,"skY":0,"y":-28,"scX":1.209961,"pX":-0.05,"pY":0.1,"scY":1.209961,"skX":0},"tweenEasing":null},{"duration":22,"z":11,"transform":{"x":4.4,"skY":0,"y":-28,"scX":1.099976,"pX":-0.05,"pY":0.05,"scY":1.099976,"skX":0}},{"duration":5,"z":11,"transform":{"x":4.4,"skY":0,"y":-28,"scX":1.099976,"pX":-0.05,"pY":0.05,"scY":1.099976,"skX":0},"tweenEasing":null},{"duration":5,"z":11,"transform":{"x":4.4,"skY":0,"y":-28,"scX":1.209961,"pX":-0.05,"pY":0.1,"scY":1.209961,"skX":0},"tweenEasing":null},{"duration":5,"z":11,"transform":{"x":4.4,"skY":0,"y":-28.1,"scX":0.89859,"pX":-0.05,"pY":0.05,"scY":0.861115,"skX":0},"tweenEasing":null},{"duration":6,"z":11,"transform":{"x":4.4,"skY":0,"y":-28.1,"scX":0.64946,"pX":0,"pY":0,"scY":0.582031,"skX":0},"colorTransform":{"aM":0,"rO":0,"rM":100,"gO":0,"gM":100,"bO":0,"aO":0,"bM":100}}]},{"offset":0,"name":"fsd","scale":1,"frame":[{"duration":12,"displayIndex":-1},{"duration":3,"z":12,"transform":{"x":166.95,"skY":0,"y":-31.5,"scX":1.099976,"pX":0,"pY":0,"scY":1.099976,"skX":0}},{"duration":3,"z":12,"transform":{"x":166.95,"skY":0,"y":-31.5,"scX":1.099976,"pX":0,"pY":0,"scY":1.099976,"skX":0},"displayIndex":1},{"duration":3,"z":12,"transform":{"x":166.95,"skY":0,"y":-31.5,"scX":1.099976,"pX":0,"pY":0,"scY":1.099976,"skX":0},"displayIndex":2},{"duration":4,"displayIndex":-1},{"duration":3,"z":12,"transform":{"x":166.95,"skY":0,"y":-31.5,"scX":1.099976,"pX":0,"pY":0,"scY":1.099976,"skX":0}},{"duration":3,"z":12,"transform":{"x":166.95,"skY":0,"y":-31.5,"scX":1.099976,"pX":0,"pY":0,"scY":1.099976,"skX":0},"displayIndex":1},{"duration":3,"z":12,"transform":{"x":166.95,"skY":0,"y":-31.5,"scX":1.099976,"pX":0,"pY":0,"scY":1.099976,"skX":0},"displayIndex":2},{"duration":46,"displayIndex":-1}]},{"offset":0,"name":"collision","scale":1,"frame":[{"duration":12,"z":15,"transform":{"x":-1.9,"skY":0,"y":-37.8,"scX":4.679489,"pX":0,"pY":0,"scY":7.818466,"skX":0},"colorTransform":{"aM":0,"rO":0,"rM":100,"gO":0,"gM":100,"bO":0,"aO":0,"bM":100}},{"duration":13,"event":"hit","z":15,"transform":{"x":-1.9,"skY":0,"y":-37.8,"scX":4.679489,"pX":0,"pY":0,"scY":7.818466,"skX":0},"colorTransform":{"aM":0,"rO":0,"rM":100,"gO":0,"gM":100,"bO":0,"aO":0,"bM":100}},{"duration":55,"z":15,"transform":{"x":-1.9,"skY":0,"y":-37.8,"scX":4.679489,"pX":0,"pY":0,"scY":7.818466,"skX":0},"colorTransform":{"aM":0,"rO":0,"rM":100,"gO":0,"gM":100,"bO":0,"aO":0,"bM":100}}]}],"scale":1,"tweenEasing":null,"fadeInTime":0},{"duration":55,"name":"skill2","loop":1,"autoTween":1,"timeline":[{"offset":0,"name":3,"scale":1,"frame":[{"duration":30,"displayIndex":-1},{"duration":3,"z":0,"transform":{"x":103.85,"skY":21.45,"y":-50,"scX":1.099976,"pX":-0.1,"pY":0.05,"scY":1.099976,"skX":21.45}},{"duration":3,"z":0,"transform":{"x":91.7,"skY":2.99,"y":-87.45,"scX":1.09996,"pX":-0.1,"pY":0.1,"scY":1.09996,"skX":2.99}},{"duration":3,"z":0,"transform":{"x":64.7,"skY":-11.65,"y":-91.15,"scX":1.099945,"pX":-0.15,"pY":0.05,"scY":1.099945,"skX":-11.65}},{"duration":3,"z":0,"transform":{"x":51.9,"skY":-17.28,"y":-86.8,"scX":1.098923,"pX":-0.1,"pY":0,"scY":1.098923,"skX":-17.28}},{"duration":3,"z":0,"transform":{"x":39.15,"skY":-22.93,"y":-82.45,"scX":1.09996,"pX":0.05,"pY":0.05,"scY":1.09996,"skX":-22.93}},{"duration":3,"z":0,"transform":{"x":62.6,"skY":0,"y":-36.4,"scX":1.099976,"pX":0,"pY":0.05,"scY":1.099976,"skX":0}},{"duration":7,"z":0,"transform":{"x":62.6,"skY":0,"y":-37.9,"scX":1.099976,"pX":0,"pY":0,"scY":1.099976,"skX":0}}]},{"offset":0,"name":40,"scale":1,"frame":[{"duration":30,"displayIndex":-1},{"duration":3,"z":2,"transform":{"x":0.85,"skY":21.45,"y":-78.85,"scX":0.92366,"pX":0,"pY":0,"scY":0.92366,"skX":21.45},"displayIndex":1},{"duration":3,"z":2,"transform":{"x":-15.15,"skY":2.99,"y":-82.2,"scX":0.92366,"pX":0.2,"pY":-0.1,"scY":0.92366,"skX":2.99},"displayIndex":1},{"duration":3,"z":2,"transform":{"x":-37.4,"skY":-11.65,"y":-59,"scX":0.923645,"pX":0.3,"pY":-0.1,"scY":0.923645,"skX":-11.65},"displayIndex":1},{"duration":3,"z":2,"transform":{"x":-45.95,"skY":-17.28,"y":-45.1,"scX":0.922806,"pX":0.25,"pY":-0.1,"scY":0.922806,"skX":-17.28},"displayIndex":1},{"duration":3,"z":2,"transform":{"x":-54.55,"skY":-22.93,"y":-31.1,"scX":0.92366,"pX":-0.05,"pY":-0.1,"scY":0.92366,"skX":-22.93},"displayIndex":1},{"duration":3,"z":2,"transform":{"x":-43.75,"skY":0,"y":-25.85,"scX":1.002686,"pX":-0.05,"pY":0.05,"scY":0.908646,"skX":0},"displayIndex":1},{"duration":7,"z":2,"transform":{"x":-43.75,"skY":0,"y":-27.1,"scX":0.923676,"pX":-0.05,"pY":0.05,"scY":0.923676,"skX":0},"displayIndex":1}]},{"offset":0,"name":70,"scale":1,"frame":[{"duration":30,"displayIndex":-1},{"duration":3,"z":4,"transform":{"x":116.95,"skY":21.45,"y":-35.05,"scX":1.099976,"pX":0,"pY":0,"scY":1.099976,"skX":21.45},"displayIndex":1},{"duration":3,"z":4,"transform":{"x":108.9,"skY":2.99,"y":-77.45,"scX":1.09996,"pX":-0.05,"pY":0,"scY":1.09996,"skX":2.99},"displayIndex":1},{"duration":3,"z":4,"transform":{"x":83.9,"skY":-11.65,"y":-85.85,"scX":1.099945,"pX":-0.1,"pY":0.05,"scY":1.099945,"skX":-11.65},"displayIndex":1},{"duration":3,"z":4,"transform":{"x":71.45,"skY":-17.28,"y":-83.5,"scX":1.098923,"pX":-0.1,"pY":0.1,"scY":1.098923,"skX":-17.28},"displayIndex":1},{"duration":3,"z":4,"transform":{"x":58.95,"skY":-22.93,"y":-81.1,"scX":1.09996,"pX":0,"pY":-0.05,"scY":1.09996,"skX":-22.93},"displayIndex":1},{"duration":3,"z":4,"transform":{"x":80.3,"skY":0,"y":-27.55,"scX":1.141968,"pX":0.05,"pY":0,"scY":1.082092,"skX":0},"displayIndex":1},{"duration":7,"z":4,"transform":{"x":80.3,"skY":0,"y":-28.9,"scX":1.099976,"pX":0,"pY":0,"scY":1.099976,"skX":0},"displayIndex":1}]},{"offset":0,"name":5,"scale":1,"frame":[{"duration":30,"displayIndex":-1},{"duration":3,"z":5,"transform":{"x":61.6,"skY":21.45,"y":-78.35,"scX":1.099976,"pX":0.1,"pY":0.1,"scY":1.099976,"skX":21.45},"displayIndex":1},{"duration":3,"z":5,"transform":{"x":42.8,"skY":2.99,"y":-100.9,"scX":1.09996,"pX":0,"pY":0,"scY":1.09996,"skX":2.99},"displayIndex":1},{"duration":3,"z":5,"transform":{"x":14.05,"skY":-11.65,"y":-91.8,"scX":1.099945,"pX":-0.05,"pY":0.05,"scY":1.099945,"skX":-11.65},"displayIndex":1},{"duration":3,"z":5,"transform":{"x":1.6,"skY":-17.28,"y":-82.45,"scX":1.098923,"pX":0,"pY":0,"scY":1.098923,"skX":-17.28},"displayIndex":1},{"duration":3,"z":5,"transform":{"x":-10.75,"skY":-22.93,"y":-73.25,"scX":1.09996,"pX":0,"pY":-0.05,"scY":1.09996,"skX":-22.93},"displayIndex":1},{"duration":3,"z":5,"transform":{"x":13.05,"skY":0,"y":-47.35,"scX":1.099976,"pX":0,"pY":0,"scY":1.099976,"skX":0},"displayIndex":1},{"duration":7,"z":5,"transform":{"x":13.05,"skY":0,"y":-48.85,"scX":1.099976,"pX":0,"pY":0,"scY":1.099976,"skX":0},"displayIndex":1}]},{"offset":0,"name":2,"scale":1,"frame":[{"duration":30,"displayIndex":-1},{"duration":3,"z":6,"transform":{"x":81.15,"skY":21.45,"y":-70.65,"scX":1.099976,"pX":-0.1,"pY":0.1,"scY":1.099976,"skX":21.45},"displayIndex":1},{"duration":3,"z":6,"transform":{"x":63.65,"skY":2.99,"y":-99.85,"scX":1.09996,"pX":-0.15,"pY":0.05,"scY":1.09996,"skX":2.99},"displayIndex":1},{"duration":3,"z":6,"transform":{"x":34.4,"skY":-11.65,"y":-96,"scX":1.099945,"pX":-0.1,"pY":0.1,"scY":1.099945,"skX":-11.65},"displayIndex":1},{"duration":3,"z":6,"transform":{"x":21.5,"skY":-17.28,"y":-88.65,"scX":1.098923,"pX":0,"pY":0.05,"scY":1.098923,"skX":-17.28},"displayIndex":1},{"duration":3,"z":6,"transform":{"x":8.6,"skY":-22.93,"y":-81.45,"scX":1.09996,"pX":-0.1,"pY":-0.05,"scY":1.09996,"skX":-22.93},"displayIndex":1},{"duration":3,"z":6,"transform":{"x":33.95,"skY":0,"y":-47.35,"scX":1.099976,"pX":0,"pY":0,"scY":1.099976,"skX":0},"displayIndex":1},{"duration":7,"z":6,"transform":{"x":33.95,"skY":0,"y":-48.85,"scX":1.099976,"pX":0,"pY":0,"scY":1.099976,"skX":0},"displayIndex":1}]},{"offset":0,"name":"1vcbv01","scale":1,"frame":[{"duration":30,"displayIndex":-1},{"duration":3,"z":9,"transform":{"x":56.3,"skY":-133.28,"y":-47.8,"scX":-1.165298,"pX":0,"pY":0,"scY":1.165298,"skX":-133.28},"action":"idle","displayIndex":2},{"duration":3,"z":9,"transform":{"x":46.9,"skY":-151.74,"y":-69.3,"scX":-1.165283,"pX":0,"pY":0,"scY":1.165283,"skX":-151.74},"displayIndex":2},{"duration":3,"z":9,"transform":{"x":26.55,"skY":-166.38,"y":-63.4,"scX":-1.165283,"pX":0,"pY":0,"scY":1.165283,"skX":-166.38},"displayIndex":2},{"duration":3,"z":9,"transform":{"x":17.4,"skY":-172.19,"y":-56.4,"scX":-1.16481,"pX":0,"pY":0,"scY":1.16481,"skX":-172.19},"displayIndex":2},{"duration":3,"z":9,"transform":{"x":8.25,"skY":-177.66,"y":-49.4,"scX":-1.165329,"pX":0,"pY":0,"scY":1.165329,"skX":-177.66},"displayIndex":2},{"duration":3,"z":9,"transform":{"x":21.3,"skY":-155.09,"y":-21.15,"scX":-1.161911,"pX":0,"pY":0,"scY":1.149841,"skX":-154.37},"displayIndex":2},{"duration":7,"z":9,"transform":{"x":21.3,"skY":-154.73,"y":-22.25,"scX":-1.165329,"pX":0,"pY":0,"scY":1.165329,"skX":-154.73},"displayIndex":2}]},{"offset":0,"name":"collision","scale":1,"frame":[{"duration":28,"event":"hit","z":15,"transform":{"x":-1.9,"skY":0,"y":-37.8,"scX":4.679489,"pX":0,"pY":0,"scY":7.818466,"skX":0},"colorTransform":{"aM":0,"rO":0,"rM":100,"gO":0,"gM":100,"bO":0,"aO":0,"bM":100}},{"duration":27,"event":"spe","z":15,"transform":{"x":-1.9,"skY":0,"y":-37.8,"scX":4.679489,"pX":0,"pY":0,"scY":7.818466,"skX":0},"colorTransform":{"aM":0,"rO":0,"rM":100,"gO":0,"gM":100,"bO":0,"aO":0,"bM":100}}]}],"scale":1,"tweenEasing":null,"fadeInTime":0.3}],"bone":[{"transform":{"x":62.6,"skY":0,"y":-37.9,"scX":1.099976,"scY":1.099976,"skX":0},"name":4},{"transform":{"x":-43.75,"skY":0,"y":-27.1,"scX":0.923676,"scY":0.923676,"skX":0},"name":40},{"transform":{"x":80.3,"skY":0,"y":-28.9,"scX":1.099976,"scY":1.099976,"skX":0},"name":70},{"transform":{"x":13.05,"skY":0,"y":-48.85,"scX":1.099976,"scY":1.099976,"skX":0},"name":2},{"transform":{"x":-10.3,"skY":4.74,"y":-96.05,"scX":1,"scY":1,"skX":4.74},"name":"yingxiong"},{"transform":{"x":33.95,"skY":0,"y":-48.85,"scX":1.099976,"scY":1.099976,"skX":0},"name":"dgdfgh"},{"transform":{"x":26.15,"skY":-154.73,"y":-23.95,"scX":-1.28186,"scY":1.28186,"skX":-154.73},"name":"dg"},{"transform":{"x":-1.9,"skY":0,"y":-37.8,"scX":19.419846,"scY":7.818466,"skX":0},"name":"collision"},{"transform":{"x":-43.75,"skY":0,"y":-27.1,"scX":0.923676,"scY":0.923676,"skX":0},"name":7},{"transform":{"x":80.3,"skY":0,"y":-28.9,"scX":1.099976,"scY":1.099976,"skX":0},"name":5},{"transform":{"x":-35.6,"skY":-90,"y":-47.6,"scX":-0.475693,"scY":0.875443,"skX":-90},"name":"1vcbv01"},{"transform":{"x":21.75,"skY":-154.73,"y":-22.85,"scX":-1.28186,"scY":1.28186,"skX":-154.73},"name":"fjk"},{"transform":{"x":45.75,"skY":4.45,"y":-135.55,"scX":-1.099976,"scY":1.099976,"skX":4.45},"name":"sds"},{"transform":{"x":62.6,"skY":0,"y":-37.9,"scX":1.099976,"scY":1.099976,"skX":0},"name":3},{"transform":{"x":4.4,"skY":0,"y":-28.1,"scX":0.64946,"scY":0.582031,"skX":0},"name":"hgf"},{"transform":{"x":166.95,"skY":0,"y":-31.5,"scX":1.099976,"scY":1.099976,"skX":0},"name":"fsd"}],"skin":[{"slot":[{"display":[{"type":"image","name":"mounts_motuo_3_64","transform":{"x":-31.2,"skY":0,"y":-28.7,"scX":1,"pX":74.2,"pY":0.05,"scY":1,"skX":0}},{"type":"image","name":"mounts_motuo_3_66","transform":{"x":-34.25,"skY":0,"y":-31.7,"scX":1,"pX":-2.55,"pY":0,"scY":1,"skX":0}}],"name":4,"z":1,"parent":4},{"display":[{"type":"image","name":"mounts_motuo_3_66","transform":{"x":-34.25,"skY":0,"y":-31.7,"scX":1,"pX":-2.55,"pY":0,"scY":1,"skX":0}},{"type":"armature","name":"mounts_motuo_3_65","transform":{"x":-34.2,"skY":0,"y":-31.75,"scX":1,"scY":1,"skX":0}}],"name":40,"z":2,"parent":40},{"display":[{"type":"image","name":"mounts_motuo_3_66","transform":{"x":-34.25,"skY":0,"y":-31.75,"scX":1,"pX":-2.55,"pY":0,"scY":1,"skX":0}},{"type":"armature","name":"mounts_motuo_3_65","transform":{"x":-34.25,"skY":0,"y":-31.75,"scX":1,"scY":1,"skX":0}}],"name":70,"z":4,"parent":70},{"display":[{"type":"armature","name":"mounts_motuo_3_63","transform":{"x":-68.05,"skY":0,"y":-38.65,"scX":1,"scY":1,"skX":0}},{"type":"armature","name":"mounts_motuo_3_87","transform":{"x":-49,"skY":0,"y":-38.65,"scX":1,"scY":1,"skX":0}}],"name":2,"z":6,"parent":2},{"display":[{"type":"image","name":"mounts_motuo_3_91","transform":{"x":-0.6,"skY":0,"y":53.4,"scX":1,"pX":9.45,"pY":9.5,"scY":1,"skX":0}}],"name":"yingxiong","z":7,"parent":"yingxiong"},{"display":[{"type":"armature","name":"mounts_motuo_3_87","transform":{"x":-49,"skY":0,"y":-38.65,"scX":1,"scY":1,"skX":0}},{"type":"image","name":"mounts_motuo_3_86","transform":{"x":-62.1,"skY":0,"y":-17.25,"scX":1,"pX":0,"pY":0,"scY":1,"skX":0}}],"name":"dgdfgh","z":8,"parent":"dgdfgh"},{"display":[{"type":"armature","name":"mounts_motuo_3_61","transform":{"x":0,"skY":0,"y":0,"scX":1,"scY":1,"skX":0}}],"name":"dg","z":13,"parent":"dg","blendMode":"add"},{"display":[{"type":"image","name":"collisionRect","transform":{"x":-5,"skY":0,"y":-5,"scX":1,"pX":0,"pY":0,"scY":1,"skX":0}}],"name":"collision","z":15,"parent":"collision"},{"display":[{"type":"armature","name":"mounts_motuo_3_65","transform":{"x":-34.25,"skY":0,"y":-31.7,"scX":1,"scY":1,"skX":0}},{"type":"image","name":"mounts_motuo_3_66","transform":{"x":-34.25,"skY":0,"y":-31.75,"scX":1,"pX":-2.55,"pY":0,"scY":1,"skX":0}}],"name":7,"z":3,"parent":7},{"display":[{"type":"armature","name":"mounts_motuo_3_65","transform":{"x":-34.25,"skY":0,"y":-31.75,"scX":1,"scY":1,"skX":0}},{"type":"armature","name":"mounts_motuo_3_63","transform":{"x":-68.05,"skY":0,"y":-38.65,"scX":1,"scY":1,"skX":0}}],"name":5,"z":5,"parent":5},{"display":[{"type":"armature","name":"mounts_motuo_3_60","transform":{"x":0,"skY":0,"y":0,"scX":1,"scY":1,"skX":0}},{"type":"image","name":"mounts_motuo_3_84","transform":{"x":-16.4,"skY":0,"y":-19.25,"scX":1,"pX":0,"pY":0,"scY":1,"skX":0}},{"type":"armature","name":"mounts_motuo_3_62","transform":{"x":0,"skY":0,"y":0,"scX":1,"scY":1,"skX":0}}],"name":"1vcbv01","z":9,"parent":"1vcbv01","blendMode":"add"},{"display":[{"type":"armature","name":"mounts_motuo_3_62","transform":{"x":0,"skY":0,"y":0,"scX":1,"scY":1,"skX":0}},{"type":"image","name":"mounts_motuo_3_83","transform":{"x":-10.4,"skY":0,"y":-9.2,"scX":1,"pX":0,"pY":0,"scY":1,"skX":0}}],"name":"fjk","z":10,"parent":"fjk","blendMode":"add"},{"display":[{"type":"image","name":"mounts_motuo_3_89","transform":{"x":-0.05,"skY":0,"y":15.65,"scX":1,"pX":18.9,"pY":31.25,"scY":1,"skX":0}},{"type":"image","name":"mounts_motuo_3_88","transform":{"x":0.05,"skY":0,"y":12.6,"scX":1,"pX":17.6,"pY":25.3,"scY":1,"skX":0}}],"name":"sds","z":14,"parent":"sds"},{"display":[{"type":"image","name":"mounts_motuo_3_64","transform":{"x":-31.2,"skY":0,"y":-28.7,"scX":1,"pX":74.2,"pY":0.05,"scY":1,"skX":0}}],"name":3,"z":0,"parent":3},{"display":[{"type":"image","name":"mounts_motuo_3_85","transform":{"x":-9.3,"skY":0,"y":-9.45,"scX":1,"pX":0,"pY":0,"scY":1,"skX":0}}],"name":"hgf","z":11,"parent":"hgf"},{"display":[{"type":"image","name":"mounts_motuo_3_98","transform":{"x":-122,"skY":0,"y":-26.5,"scX":1,"pX":0,"pY":0,"scY":1,"skX":0}},{"type":"image","name":"mounts_motuo_3_100","transform":{"x":-122,"skY":0,"y":-26.5,"scX":1,"pX":0,"pY":0,"scY":1,"skX":0}},{"type":"image","name":"mounts_motuo_3_108","transform":{"x":-122,"skY":0,"y":-26.5,"scX":1,"pX":0,"pY":0,"scY":1,"skX":0}}],"name":"fsd","z":12,"parent":"fsd"}],"name":"default"}]},{"name":"mounts_motuo_3_60","animation":[{"duration":30,"name":"idle","loop":0,"autoTween":1,"timeline":[{"offset":0,"name":23,"scale":1,"frame":[{"duration":3,"z":0,"transform":{"x":-14,"skY":0,"y":-60.7,"scX":1.419983,"pX":0,"pY":0,"scY":1.419983,"skX":0}},{"duration":3,"z":0,"transform":{"x":-14,"skY":0,"y":-60.7,"scX":1.419983,"pX":0,"pY":0,"scY":1.419983,"skX":0},"displayIndex":1},{"duration":4,"z":0,"transform":{"x":-14,"skY":0,"y":-60.7,"scX":1.419983,"pX":0,"pY":0,"scY":1.419983,"skX":0},"displayIndex":2},{"duration":3,"z":0,"transform":{"x":-14,"skY":0,"y":-60.7,"scX":1.419983,"pX":0,"pY":0,"scY":1.419983,"skX":0},"displayIndex":3},{"duration":3,"z":0,"transform":{"x":-14,"skY":0,"y":-60.7,"scX":1.419983,"pX":0,"pY":0,"scY":1.419983,"skX":0},"displayIndex":4},{"duration":4,"z":0,"transform":{"x":-14,"skY":0,"y":-60.7,"scX":1.419983,"pX":0,"pY":0,"scY":1.419983,"skX":0},"displayIndex":5},{"duration":3,"z":0,"transform":{"x":-14,"skY":0,"y":-60.7,"scX":1.419983,"pX":0,"pY":0,"scY":1.419983,"skX":0},"displayIndex":6},{"duration":3,"z":0,"transform":{"x":-14,"skY":0,"y":-60.7,"scX":1.419983,"pX":0,"pY":0,"scY":1.419983,"skX":0},"displayIndex":7},{"duration":4,"z":0,"transform":{"x":-14,"skY":0,"y":-60.7,"scX":1.419983,"pX":0,"pY":0,"scY":1.419983,"skX":0},"displayIndex":8}]}],"scale":2.13,"tweenEasing":null,"fadeInTime":0}],"bone":[{"transform":{"x":-14,"skY":0,"y":-60.7,"scX":1.419983,"scY":1.419983,"skX":0},"name":23}],"skin":[{"slot":[{"display":[{"type":"image","name":"mounts_motuo_3_106","transform":{"x":-91.5,"skY":0,"y":-108,"scX":1,"pX":0,"pY":0,"scY":1,"skX":0}},{"type":"image","name":"mounts_motuo_3_94","transform":{"x":-91.5,"skY":0,"y":-108,"scX":1,"pX":0,"pY":0,"scY":1,"skX":0}},{"type":"image","name":"mounts_motuo_3_107","transform":{"x":-91.5,"skY":0,"y":-108,"scX":1,"pX":0,"pY":0,"scY":1,"skX":0}},{"type":"image","name":"mounts_motuo_3_109","transform":{"x":-91.5,"skY":0,"y":-108,"scX":1,"pX":0,"pY":0,"scY":1,"skX":0}},{"type":"image","name":"mounts_motuo_3_99","transform":{"x":-91.5,"skY":0,"y":-108,"scX":1,"pX":0,"pY":0,"scY":1,"skX":0}},{"type":"image","name":"mounts_motuo_3_113","transform":{"x":-91.5,"skY":0,"y":-108,"scX":1,"pX":0,"pY":0,"scY":1,"skX":0}},{"type":"image","name":"mounts_motuo_3_104","transform":{"x":-91.5,"skY":0,"y":-108,"scX":1,"pX":0,"pY":0,"scY":1,"skX":0}},{"type":"image","name":"mounts_motuo_3_114","transform":{"x":-91.5,"skY":0,"y":-108,"scX":1,"pX":0,"pY":0,"scY":1,"skX":0}},{"type":"image","name":"mounts_motuo_3_102","transform":{"x":-91.5,"skY":0,"y":-108,"scX":1,"pX":0,"pY":0,"scY":1,"skX":0}}],"name":23,"z":0,"parent":23}],"name":"default"}]},{"name":"mounts_motuo_3_61","animation":[{"duration":60,"name":"idle","loop":0,"autoTween":1,"timeline":[{"offset":0,"name":"图层 3","scale":1,"frame":[{"duration":3,"z":0,"transform":{"x":49.15,"skY":0,"y":35.7,"scX":1,"pX":0,"pY":0,"scY":1,"skX":0}},{"duration":2,"displayIndex":-1},{"duration":3,"z":0,"transform":{"x":39.55,"skY":0,"y":33.1,"scX":1,"pX":0,"pY":0,"scY":1,"skX":0},"displayIndex":1},{"duration":2,"displayIndex":-1},{"duration":3,"z":0,"transform":{"x":-3.85,"skY":0,"y":5.4,"scX":1,"pX":0,"pY":0,"scY":1,"skX":0},"displayIndex":2},{"duration":2,"displayIndex":-1},{"duration":3,"z":0,"transform":{"x":-4.4,"skY":0,"y":6.7,"scX":1,"pX":0,"pY":0,"scY":1,"skX":0},"displayIndex":3},{"duration":3,"displayIndex":-1},{"duration":3,"z":0,"transform":{"x":-11.65,"skY":0,"y":3.45,"scX":1,"pX":0,"pY":0,"scY":1,"skX":0},"displayIndex":4},{"duration":2,"displayIndex":-1},{"duration":3,"z":0,"transform":{"x":-18.1,"skY":0,"y":2.3,"scX":1,"pX":0,"pY":0,"scY":1,"skX":0},"displayIndex":5},{"duration":2,"displayIndex":-1},{"duration":3,"z":0,"transform":{"x":-5.1,"skY":0,"y":6.2,"scX":1,"pX":0,"pY":0,"scY":1,"skX":0},"displayIndex":6},{"duration":2,"displayIndex":-1},{"duration":3,"z":0,"transform":{"x":-23.1,"skY":0,"y":0.15,"scX":1,"pX":0,"pY":0,"scY":1,"skX":0},"displayIndex":7},{"duration":3,"displayIndex":-1},{"duration":3,"z":0,"transform":{"x":-12.95,"skY":0,"y":11.5,"scX":1,"pX":0,"pY":0,"scY":1,"skX":0},"displayIndex":8},{"duration":2,"displayIndex":-1},{"duration":3,"z":0,"transform":{"x":-22.2,"skY":0,"y":19.35,"scX":1,"pX":0,"pY":0,"scY":1,"skX":0},"displayIndex":9},{"duration":2,"displayIndex":-1},{"duration":3,"z":0,"transform":{"x":-20.95,"skY":0,"y":20.9,"scX":1,"pX":0,"pY":0,"scY":1,"skX":0},"displayIndex":10},{"duration":2,"displayIndex":-1},{"duration":3,"z":0,"transform":{"x":-6.8,"skY":0,"y":14.95,"scX":1,"pX":0,"pY":0,"scY":1,"skX":0},"displayIndex":11}]}],"scale":1,"tweenEasing":null,"fadeInTime":0}],"bone":[{"transform":{"x":49.15,"skY":0,"y":35.7,"scX":1,"scY":1,"skX":0},"name":"图层 3"}],"skin":[{"slot":[{"display":[{"type":"image","name":"mounts_motuo_3_93","transform":{"x":-26.5,"skY":0,"y":-38.5,"scX":1,"pX":0,"pY":0,"scY":1,"skX":0}},{"type":"image","name":"mounts_motuo_3_103","transform":{"x":-34.5,"skY":0,"y":-39.5,"scX":1,"pX":0,"pY":0,"scY":1,"skX":0}},{"type":"image","name":"mounts_motuo_3_97","transform":{"x":-77.5,"skY":0,"y":-55.5,"scX":1,"pX":0,"pY":0,"scY":1,"skX":0}},{"type":"image","name":"mounts_motuo_3_112","transform":{"x":-78,"skY":0,"y":-54,"scX":1,"pX":0,"pY":0,"scY":1,"skX":0}},{"type":"image","name":"mounts_motuo_3_116","transform":{"x":-81.5,"skY":0,"y":-49,"scX":1,"pX":0,"pY":0,"scY":1,"skX":0}},{"type":"image","name":"mounts_motuo_3_115","transform":{"x":-71.5,"skY":0,"y":-46.5,"scX":1,"pX":0,"pY":0,"scY":1,"skX":0}},{"type":"image","name":"mounts_motuo_3_105","transform":{"x":-55.5,"skY":0,"y":-45,"scX":1,"pX":0,"pY":0,"scY":1,"skX":0}},{"type":"image","name":"mounts_motuo_3_111","transform":{"x":-72,"skY":0,"y":-49.5,"scX":1,"pX":0,"pY":0,"scY":1,"skX":0}},{"type":"image","name":"mounts_motuo_3_101","transform":{"x":-50,"skY":0,"y":-50.5,"scX":1,"pX":0,"pY":0,"scY":1,"skX":0}},{"type":"image","name":"mounts_motuo_3_110","transform":{"x":-42,"skY":0,"y":-55.5,"scX":1,"pX":0,"pY":0,"scY":1,"skX":0}},{"type":"image","name":"mounts_motuo_3_96","transform":{"x":-41,"skY":0,"y":-55,"scX":1,"pX":0,"pY":0,"scY":1,"skX":0}},{"type":"image","name":"mounts_motuo_3_95","transform":{"x":-34.5,"skY":0,"y":-48,"scX":1,"pX":0,"pY":0,"scY":1,"skX":0}}],"name":"图层 3","z":0,"parent":"图层 3"}],"name":"default"}]},{"name":"mounts_motuo_3_62","animation":[{"duration":30,"name":"idle","loop":0,"autoTween":1,"timeline":[{"offset":0,"name":"图层 3","scale":1,"frame":[{"duration":3,"z":0,"transform":{"x":49.15,"skY":0,"y":35.7,"scX":1,"pX":0,"pY":0,"scY":1,"skX":0}},{"duration":2,"z":0,"transform":{"x":39.55,"skY":0,"y":33.1,"scX":1,"pX":0,"pY":0,"scY":1,"skX":0},"displayIndex":1},{"duration":3,"z":0,"transform":{"x":-3.85,"skY":0,"y":5.4,"scX":1,"pX":0,"pY":0,"scY":1,"skX":0},"displayIndex":2},{"duration":2,"z":0,"transform":{"x":-4.4,"skY":0,"y":6.7,"scX":1,"pX":0,"pY":0,"scY":1,"skX":0},"displayIndex":3},{"duration":3,"z":0,"transform":{"x":-11.65,"skY":0,"y":3.45,"scX":1,"pX":0,"pY":0,"scY":1,"skX":0},"displayIndex":4},{"duration":2,"z":0,"transform":{"x":-18.1,"skY":0,"y":2.3,"scX":1,"pX":0,"pY":0,"scY":1,"skX":0},"displayIndex":5},{"duration":3,"z":0,"transform":{"x":-5.1,"skY":0,"y":6.2,"scX":1,"pX":0,"pY":0,"scY":1,"skX":0},"displayIndex":6},{"duration":2,"z":0,"transform":{"x":-23.1,"skY":0,"y":0.15,"scX":1,"pX":0,"pY":0,"scY":1,"skX":0},"displayIndex":7},{"duration":3,"z":0,"transform":{"x":-12.95,"skY":0,"y":11.5,"scX":1,"pX":0,"pY":0,"scY":1,"skX":0},"displayIndex":8},{"duration":2,"z":0,"transform":{"x":-22.2,"skY":0,"y":19.35,"scX":1,"pX":0,"pY":0,"scY":1,"skX":0},"displayIndex":9},{"duration":3,"z":0,"transform":{"x":-20.95,"skY":0,"y":20.9,"scX":1,"pX":0,"pY":0,"scY":1,"skX":0},"displayIndex":10},{"duration":2,"z":0,"transform":{"x":-6.8,"skY":0,"y":14.95,"scX":1,"pX":0,"pY":0,"scY":1,"skX":0},"displayIndex":11}]}],"scale":1,"tweenEasing":null,"fadeInTime":0}],"bone":[{"transform":{"x":49.15,"skY":0,"y":35.7,"scX":1,"scY":1,"skX":0},"name":"图层 3"}],"skin":[{"slot":[{"display":[{"type":"image","name":"mounts_motuo_3_93","transform":{"x":-26.5,"skY":0,"y":-38.5,"scX":1,"pX":0,"pY":0,"scY":1,"skX":0}},{"type":"image","name":"mounts_motuo_3_103","transform":{"x":-34.5,"skY":0,"y":-39.5,"scX":1,"pX":0,"pY":0,"scY":1,"skX":0}},{"type":"image","name":"mounts_motuo_3_97","transform":{"x":-77.5,"skY":0,"y":-55.5,"scX":1,"pX":0,"pY":0,"scY":1,"skX":0}},{"type":"image","name":"mounts_motuo_3_112","transform":{"x":-78,"skY":0,"y":-54,"scX":1,"pX":0,"pY":0,"scY":1,"skX":0}},{"type":"image","name":"mounts_motuo_3_116","transform":{"x":-81.5,"skY":0,"y":-49,"scX":1,"pX":0,"pY":0,"scY":1,"skX":0}},{"type":"image","name":"mounts_motuo_3_115","transform":{"x":-71.5,"skY":0,"y":-46.5,"scX":1,"pX":0,"pY":0,"scY":1,"skX":0}},{"type":"image","name":"mounts_motuo_3_105","transform":{"x":-55.5,"skY":0,"y":-45,"scX":1,"pX":0,"pY":0,"scY":1,"skX":0}},{"type":"image","name":"mounts_motuo_3_111","transform":{"x":-72,"skY":0,"y":-49.5,"scX":1,"pX":0,"pY":0,"scY":1,"skX":0}},{"type":"image","name":"mounts_motuo_3_101","transform":{"x":-50,"skY":0,"y":-50.5,"scX":1,"pX":0,"pY":0,"scY":1,"skX":0}},{"type":"image","name":"mounts_motuo_3_110","transform":{"x":-42,"skY":0,"y":-55.5,"scX":1,"pX":0,"pY":0,"scY":1,"skX":0}},{"type":"image","name":"mounts_motuo_3_96","transform":{"x":-41,"skY":0,"y":-55,"scX":1,"pX":0,"pY":0,"scY":1,"skX":0}},{"type":"image","name":"mounts_motuo_3_95","transform":{"x":-34.5,"skY":0,"y":-48,"scX":1,"pX":0,"pY":0,"scY":1,"skX":0}}],"name":"图层 3","z":0,"parent":"图层 3"}],"name":"default"}]},{"name":"mounts_motuo_3_63","animation":[{"duration":15,"name":"idle","loop":0,"autoTween":1,"timeline":[{"offset":0,"name":"图层 5","scale":1,"frame":[{"duration":5,"z":0,"transform":{"x":48.75,"skY":0,"y":55.65,"scX":0.916534,"pX":0,"pY":0,"scY":1,"skX":0}},{"duration":5,"z":0,"transform":{"x":48.75,"skY":0,"y":55.65,"scX":0.916534,"pX":0,"pY":0,"scY":1,"skX":0},"displayIndex":1},{"duration":5,"z":0,"transform":{"x":48.75,"skY":0,"y":55.65,"scX":0.916534,"pX":0,"pY":0,"scY":1,"skX":0},"displayIndex":2}]},{"offset":0,"name":2,"scale":1,"frame":[{"duration":15,"z":1,"transform":{"x":68.05,"skY":0,"y":38.65,"scX":1,"pX":0,"pY":0,"scY":1,"skX":0}}]}],"scale":1,"tweenEasing":null,"fadeInTime":0}],"bone":[{"transform":{"x":48.75,"skY":0,"y":55.65,"scX":0.916534,"scY":1,"skX":0},"name":"图层 5"},{"transform":{"x":68.05,"skY":0,"y":38.65,"scX":1,"scY":1,"skX":0},"name":2}],"skin":[{"slot":[{"display":[{"type":"image","name":"mounts_motuo_3_71","transform":{"x":-8.7,"skY":0,"y":-8.7,"scX":1,"pX":0,"pY":0,"scY":1,"skX":0}},{"type":"image","name":"mounts_motuo_3_72","transform":{"x":-8.7,"skY":0,"y":-8.7,"scX":1,"pX":0,"pY":0,"scY":1,"skX":0}},{"type":"image","name":"mounts_motuo_3_73","transform":{"x":-8.7,"skY":0,"y":-8.7,"scX":1,"pX":0,"pY":0,"scY":1,"skX":0}}],"name":"图层 5","z":0,"parent":"图层 5"},{"display":[{"type":"image","name":"mounts_motuo_3_70","transform":{"x":-68.05,"skY":0,"y":-38.65,"scX":1,"pX":0,"pY":0,"scY":1,"skX":0}}],"name":2,"z":1,"parent":2}],"name":"default"}]},{"name":"mounts_motuo_3_65","animation":[{"duration":30,"name":"idle","loop":0,"autoTween":1,"timeline":[{"offset":0,"name":3,"scale":1,"frame":[{"duration":30,"z":0,"transform":{"x":35.45,"skY":0,"y":31.75,"scX":1,"pX":0,"pY":0,"scY":1,"skX":0}}]},{"offset":0,"name":2,"scale":1,"frame":[{"duration":2,"z":1,"transform":{"x":30.75,"skY":0,"y":31.6,"scX":-0.910172,"pX":0,"pY":0,"scY":1,"skX":0}},{"duration":2,"z":1,"transform":{"x":30.75,"skY":-25.9,"y":31.6,"scX":-0.924332,"pX":0.05,"pY":0,"scY":0.984695,"skX":-21.91}},{"duration":2,"z":1,"transform":{"x":30.75,"skY":-50.58,"y":31.55,"scX":-0.959122,"pX":0.1,"pY":0,"scY":0.950027,"skX":-45.22}},{"duration":2,"z":1,"transform":{"x":30.75,"skY":-73.51,"y":31.6,"scX":-0.990814,"pX":0,"pY":0,"scY":0.918274,"skX":-70.33}},{"duration":2,"z":1,"transform":{"x":30.75,"skY":-95.3,"y":31.6,"scX":-0.998779,"pX":0,"pY":0.05,"scY":0.910828,"skX":-96.38}},{"duration":2,"z":1,"transform":{"x":30.75,"skY":-117.59,"y":31.6,"scX":-0.977142,"pX":0,"pY":0,"scY":0.931931,"skX":-122.24}},{"duration":2,"z":1,"transform":{"x":30.75,"skY":-141.33,"y":31.6,"scX":-0.940811,"pX":0,"pY":0.05,"scY":0.968307,"skX":-146.46}},{"duration":2,"z":1,"transform":{"x":30.75,"skY":-166.85,"y":31.6,"scX":-0.913635,"pX":0,"pY":0.05,"scY":0.995636,"skX":-169.04}},{"duration":2,"z":1,"transform":{"x":30.75,"skY":166.85,"y":31.6,"scX":-0.913635,"pX":0.1,"pY":0.05,"scY":0.995636,"skX":169.04}},{"duration":2,"z":1,"transform":{"x":30.75,"skY":141.33,"y":31.6,"scX":-0.940811,"pX":0,"pY":-0.05,"scY":0.968307,"skX":146.46}},{"duration":2,"z":1,"transform":{"x":30.75,"skY":117.59,"y":31.6,"scX":-0.977142,"pX":0,"pY":0,"scY":0.931931,"skX":122.24}},{"duration":2,"z":1,"transform":{"x":30.75,"skY":95.3,"y":31.6,"scX":-0.998779,"pX":0,"pY":0,"scY":0.910828,"skX":96.38}},{"duration":2,"z":1,"transform":{"x":30.75,"skY":73.51,"y":31.6,"scX":-0.990814,"pX":0,"pY":-0.05,"scY":0.918274,"skX":70.33}},{"duration":2,"z":1,"transform":{"x":30.8,"skY":50.58,"y":31.6,"scX":-0.959122,"pX":0,"pY":0.1,"scY":0.950027,"skX":45.22}},{"duration":2,"z":1,"transform":{"x":30.75,"skY":25.9,"y":31.6,"scX":-0.924332,"pX":0,"pY":0,"scY":0.984695,"skX":21.91}}]}],"scale":1,"tweenEasing":null,"fadeInTime":0}],"bone":[{"transform":{"x":35.45,"skY":0,"y":31.75,"scX":1,"scY":1,"skX":0},"name":3},{"transform":{"x":30.75,"skY":0,"y":31.6,"scX":-0.910172,"scY":1,"skX":0},"name":2}],"skin":[{"slot":[{"display":[{"type":"image","name":"mounts_motuo_3_67","transform":{"x":-32.85,"skY":0,"y":-31.7,"scX":1,"pX":0.05,"pY":0.05,"scY":1,"skX":0}}],"name":3,"z":0,"parent":3},{"display":[{"type":"image","name":"mounts_motuo_3_68","transform":{"x":-28.05,"skY":0,"y":-28.05,"scX":1,"pX":0,"pY":0,"scY":1,"skX":0}}],"name":2,"z":1,"parent":2}],"name":"default"}]},{"name":"mounts_motuo_3_87","animation":[{"duration":30,"name":"idle","loop":0,"autoTween":1,"timeline":[{"offset":0,"name":3,"scale":1,"frame":[{"duration":30,"z":0,"transform":{"x":49,"skY":0,"y":38.65,"scX":1,"pX":0,"pY":0,"scY":1,"skX":0}}]},{"offset":0,"name":4,"scale":1,"frame":[{"duration":10,"z":1,"transform":{"x":62,"skY":0,"y":51.95,"scX":1,"pX":0,"pY":0,"scY":1,"skX":0}},{"duration":10,"z":1,"transform":{"x":62,"skY":0,"y":51.95,"scX":1,"pX":0,"pY":0,"scY":1,"skX":0},"displayIndex":1},{"duration":10,"z":1,"transform":{"x":62,"skY":0,"y":51.95,"scX":1,"pX":0,"pY":0,"scY":1,"skX":0},"displayIndex":2}]},{"offset":0,"name":2,"scale":1,"frame":[{"duration":6,"z":2,"transform":{"x":30.25,"skY":0,"y":11.95,"scX":1,"pX":0,"pY":0,"scY":1,"skX":0}},{"duration":6,"z":2,"transform":{"x":30.25,"skY":0,"y":11.95,"scX":1,"pX":0,"pY":0,"scY":1,"skX":0},"displayIndex":1},{"duration":6,"z":2,"transform":{"x":30.25,"skY":0,"y":11.95,"scX":1,"pX":0,"pY":0,"scY":1,"skX":0},"displayIndex":2},{"duration":6,"z":2,"transform":{"x":30.25,"skY":0,"y":11.95,"scX":1,"pX":0,"pY":0,"scY":1,"skX":0},"displayIndex":3},{"duration":6,"z":2,"transform":{"x":30.25,"skY":0,"y":11.95,"scX":1,"pX":0,"pY":0,"scY":1,"skX":0},"displayIndex":4}]}],"scale":1,"tweenEasing":null,"fadeInTime":0}],"bone":[{"transform":{"x":49,"skY":0,"y":38.65,"scX":1,"scY":1,"skX":0},"name":3},{"transform":{"x":62,"skY":0,"y":51.95,"scX":1,"scY":1,"skX":0},"name":4},{"transform":{"x":30.25,"skY":0,"y":11.95,"scX":1,"scY":1,"skX":0},"name":2}],"skin":[{"slot":[{"display":[{"type":"image","name":"mounts_motuo_3_74","transform":{"x":-49,"skY":0,"y":-38.65,"scX":1,"pX":0,"pY":0,"scY":1,"skX":0}}],"name":3,"z":0,"parent":3},{"display":[{"type":"image","name":"mounts_motuo_3_76","transform":{"x":-5.5,"skY":0,"y":-4.9,"scX":1,"pX":0,"pY":0,"scY":1,"skX":0}},{"type":"image","name":"mounts_motuo_3_77","transform":{"x":-5.5,"skY":0,"y":-4.9,"scX":1,"pX":0,"pY":0,"scY":1,"skX":0}},{"type":"image","name":"mounts_motuo_3_78","transform":{"x":-5.5,"skY":0,"y":-4.9,"scX":1,"pX":0,"pY":0,"scY":1,"skX":0}}],"name":4,"z":1,"parent":4},{"display":[{"type":"image","name":"mounts_motuo_3_75","transform":{"x":-14.25,"skY":0,"y":-5.35,"scX":1,"pX":0,"pY":0,"scY":1,"skX":0}},{"type":"image","name":"mounts_motuo_3_79","transform":{"x":-14.25,"skY":0,"y":-5.35,"scX":1,"pX":0,"pY":0,"scY":1,"skX":0}},{"type":"image","name":"mounts_motuo_3_80","transform":{"x":-14.25,"skY":0,"y":-5.35,"scX":1,"pX":0,"pY":0,"scY":1,"skX":0}},{"type":"image","name":"mounts_motuo_3_81","transform":{"x":-14.25,"skY":0,"y":-5.35,"scX":1,"pX":0,"pY":0,"scY":1,"skX":0}},{"type":"image","name":"mounts_motuo_3_82","transform":{"x":-14.25,"skY":0,"y":-5.35,"scX":1,"pX":0,"pY":0,"scY":1,"skX":0}}],"name":2,"z":2,"parent":2}],"name":"default"}]}],"version":2.3,"frameRate":60}