{"imagePath":"mounts_motuo_texture.png","name":"mounts_motuo","SubTexture":[{"name":"mounts_motuo_3_64","x":362,"width":137,"y":436,"height":58},{"name":"mounts_motuo_3_66","x":885,"width":66,"y":499,"height":64},{"name":"mounts_motuo_3_91","x":897,"width":19,"y":218,"height":19},{"name":"mounts_motuo_3_86","x":726,"width":74,"y":527,"height":29},{"name":"collisionRect","x":1011,"width":10,"y":33,"height":10},{"name":"mounts_motuo_3_84","x":528,"width":80,"y":515,"height":37},{"name":"mounts_motuo_3_83","x":323,"width":36,"y":496,"height":19},{"name":"mounts_motuo_3_89","x":323,"width":38,"y":436,"height":32},{"name":"mounts_motuo_3_88","x":323,"width":36,"y":469,"height":26},{"name":"mounts_motuo_3_85","x":897,"width":19,"y":239,"height":19},{"name":"mounts_motuo_3_98","x":744,"width":244,"y":564,"height":53},{"name":"mounts_motuo_3_100","x":498,"width":244,"y":557,"height":53},{"name":"mounts_motuo_3_108","x":0,"width":244,"y":546,"height":53},{"name":"mounts_motuo_3_106","x":185,"width":183,"y":0,"height":216},{"name":"mounts_motuo_3_94","x":370,"width":183,"y":218,"height":216},{"name":"mounts_motuo_3_107","x":740,"width":183,"y":0,"height":216},{"name":"mounts_motuo_3_109","x":0,"width":183,"y":218,"height":216},{"name":"mounts_motuo_3_99","x":555,"width":183,"y":0,"height":216},{"name":"mounts_motuo_3_113","x":185,"width":183,"y":218,"height":216},{"name":"mounts_motuo_3_104","x":370,"width":183,"y":0,"height":216},{"name":"mounts_motuo_3_114","x":0,"width":183,"y":0,"height":216},{"name":"mounts_motuo_3_102","x":555,"width":183,"y":218,"height":216},{"name":"mounts_motuo_3_93","x":500,"width":53,"y":436,"height":77},{"name":"mounts_motuo_3_103","x":360,"width":69,"y":495,"height":79},{"name":"mounts_motuo_3_97","x":740,"width":155,"y":218,"height":111},{"name":"mounts_motuo_3_112","x":0,"width":156,"y":436,"height":108},{"name":"mounts_motuo_3_116","x":158,"width":163,"y":436,"height":98},{"name":"mounts_motuo_3_115","x":740,"width":143,"y":432,"height":93},{"name":"mounts_motuo_3_105","x":897,"width":111,"y":328,"height":90},{"name":"mounts_motuo_3_111","x":740,"width":144,"y":331,"height":99},{"name":"mounts_motuo_3_101","x":917,"width":100,"y":225,"height":101},{"name":"mounts_motuo_3_110","x":925,"width":84,"y":0,"height":111},{"name":"mounts_motuo_3_96","x":925,"width":82,"y":113,"height":110},{"name":"mounts_motuo_3_95","x":655,"width":69,"y":436,"height":96},{"name":"mounts_motuo_3_71","x":897,"width":18,"y":297,"height":18},{"name":"mounts_motuo_3_72","x":897,"width":18,"y":259,"height":18},{"name":"mounts_motuo_3_73","x":897,"width":18,"y":278,"height":18},{"name":"mounts_motuo_3_70","x":886,"width":137,"y":420,"height":78},{"name":"mounts_motuo_3_67","x":431,"width":66,"y":495,"height":64},{"name":"mounts_motuo_3_68","x":952,"width":57,"y":499,"height":57},{"name":"mounts_motuo_3_74","x":555,"width":99,"y":436,"height":78},{"name":"mounts_motuo_3_76","x":1011,"width":11,"y":11,"height":10},{"name":"mounts_motuo_3_77","x":1011,"width":11,"y":22,"height":10},{"name":"mounts_motuo_3_78","x":1011,"width":11,"y":0,"height":10},{"name":"mounts_motuo_3_75","x":323,"width":29,"y":516,"height":11},{"name":"mounts_motuo_3_79","x":498,"width":29,"y":515,"height":11},{"name":"mounts_motuo_3_80","x":609,"width":29,"y":527,"height":11},{"name":"mounts_motuo_3_81","x":498,"width":29,"y":527,"height":11},{"name":"mounts_motuo_3_82","x":609,"width":29,"y":515,"height":11}]}