<dragonBones>
  <armature name="sunwukong_1_78">
    <bone name="2">
      <transform x="25.2" y="24.25" skX="0" skY="0" scX="1" scY="1"/>
    </bone>
    <skin name="default">
      <slot name="2" parent="2" z="0">
        <display name="sunwukong_3_29" type="image">
          <transform x="-25.5" y="-24" skX="0" skY="0" scX="1" scY="1"/>
        </display>
        <display name="__dbTextures/sunwukong_1_78/2_1" type="image">
          <transform x="-49.05" y="-39" skX="0" skY="0" scX="1" scY="1"/>
        </display>
      </slot>
    </skin>
    <animation name="type1" fadeInTime="0.3" duration="1" scale="1" loop="1" autoTween="1" tweenEasing="NaN">
      <timeline name="2" scale="1" offset="0">
        <frame z="0" duration="1">
          <transform x="25.2" y="24.25" skX="0" skY="0" scX="1" scY="1" pX="0" pY="0"/>
        </frame>
      </timeline>
    </animation>
    <animation name="type2" fadeInTime="0.3" duration="1" scale="1" loop="1" autoTween="1" tweenEasing="NaN">
      <timeline name="2" scale="1" offset="0">
        <frame z="0" displayIndex="1" tweenEasing="NaN" duration="1">
          <transform x="47.5" y="9.2" skX="0" skY="0" scX="1" scY="1" pX="0" pY="0"/>
        </frame>
      </timeline>
    </animation>
  </armature>
</dragonBones>